,id,listing_url,scrape_id,last_scraped,source,name,description,neighborhood_overview,picture_url,host_id,host_url,host_name,host_since,host_location,host_about,host_response_time,host_response_rate,host_acceptance_rate,host_is_superhost,host_thumbnail_url,host_picture_url,host_neighbourhood,host_listings_count,host_total_listings_count,host_verifications,host_has_profile_pic,host_identity_verified,neighbourhood,neighbourhood_cleansed,neighbourhood_group_cleansed,latitude,longitude,property_type,room_type,accommodates,bathrooms,bathrooms_text,bedrooms,beds,amenities,price,minimum_nights,maximum_nights,minimum_minimum_nights,maximum_minimum_nights,minimum_maximum_nights,maximum_maximum_nights,minimum_nights_avg_ntm,maximum_nights_avg_ntm,calendar_updated,has_availability,availability_30,availability_60,availability_90,availability_365,calendar_last_scraped,number_of_reviews,number_of_reviews_ltm,number_of_reviews_l30d,first_review,last_review,review_scores_rating,review_scores_accuracy,review_scores_cleanliness,review_scores_checkin,review_scores_communication,review_scores_location,review_scores_value,license,instant_bookable,calculated_host_listings_count,calculated_host_listings_count_entire_homes,calculated_host_listings_count_private_rooms,calculated_host_listings_count_shared_rooms,reviews_per_month
3076,53509927,https://www.airbnb.com/rooms/53509927,20240917031253,2024-09-17,city scrape,Lovely 2 bed/2 bath condo near U of Chicago.,"Fully furnished 2 bed, 2 bath condo. Hardwood floors, exposed brick & natural lighting make this feel like home. Enjoy Summer time Chi w/ central air. Washer and dryer in unit. Within two blocks of CTA bus/rail (Green Line) service. Several grocery options within two miles. Beach & lakefront bike path are 1.5mi. away. Two golf courses, Museum of Science and Industry & DuSable Museum are nearby. University of Chicago is a few blocks away. Near site of Obama Presidential Library (2025).",,https://a0.muscache.com/pictures/hosting/Hosting-U3RheVN1cHBseUxpc3Rpbmc6NTM1MDk5Mjc%3D/original/f7622df1-1353-44dd-9923-ea6a1a4c2022.jpeg,433300554,https://www.airbnb.com/users/show/433300554,Brian,2021-11-24,,,within a few hours,100%,100%,f,https://a0.muscache.com/im/pictures/user/b323b346-bd3a-4667-8d6b-7f772f417b10.jpg?aki_policy=profile_small,https://a0.muscache.com/im/pictures/user/b323b346-bd3a-4667-8d6b-7f772f417b10.jpg?aki_policy=profile_x_medium,Woodlawn,1,1,"['email', 'phone']",t,f,,Woodlawn,,41.77895258477636,-87.60256156354114,Entire condo,Entire home/apt,4,2.0,2 baths,2.0,2.0,"[""Refrigerator"", ""Self check-in"", ""Wifi"", ""Heating"", ""Dryer"", ""Dining table"", ""Hangers"", ""Oven"", ""Free parking on premises"", ""Bathtub"", ""Room-darkening shades"", ""TV"", ""Bluetooth sound system"", ""Central air conditioning"", ""Patio or balcony"", ""Long term stays allowed"", ""Lockbox"", ""Dishes and silverware"", ""Bed linens"", ""Free washer \u2013 In unit"", ""Carbon monoxide alarm"", ""Smoke alarm"", ""Gas stove"", ""Free street parking"", ""Blender"", ""Shared beach access"", ""Kitchen"", ""Cooking basics"", ""Microwave"", ""Hot water""]",$96.00,32,365,32,32,365,365,32.0,365.0,,t,30,60,90,365,2024-09-17,1,1,0,2024-07-31,2024-07-31,4.0,5.0,2.0,5.0,5.0,5.0,4.0,,f,1,1,0,0,0.61
3173,54116414,https://www.airbnb.com/rooms/54116414,20240917031253,2024-09-17,city scrape,"Blueground | Gold Coast, doorman & gym, near L","Feel at home wherever you choose to live with Blueground. You’ll love this pretty Gold Coast furnished one bedroom apartment with its modern decor, fully equipped kitchen, and roomy living room with great high floor views. Ideally located, you’re close to all the best that Chicago has to offer! (ID #CHI549)","This furnished rental is in the historic Gold Coast district. The area is located just north of downtown Chicago, nestled against the Lake Michigan shoreline. Considered one of the most affluent neighborhoods in the country, the Gold Coast is every upscale shopper’s dream. The retail revelry on Oak and Rush Streets includes swanky boutiques and rare, designer fashions. There are many celebrated restaurants to try, including Michelin-starred winners and classic Chicago steakhouses. Amongst the prestigious hotels and celebrated eateries, there is a trove of booming nightlife hot spots and high-energy events.",https://a0.muscache.com/pictures/prohost-api/Hosting-54116414/original/2f1dc529-901c-4535-a0fa-c583f0651e64.jpeg,107434423,https://www.airbnb.com/users/show/107434423,Blueground,2016-12-16,"New York, NY","We’re Blueground, a global proptech company with several thousand move-in-ready apartments in a growing number of major cities around the world. With flexible terms and homes in vibrant, centrally based neighborhoods, you’ll feel at home and free to roam for as long as you want — a month, a year, or longer. 

Each apartment is thoughtfully designed with exclusive furnishings, fully equipped kitchens, and incredible amenities – making every day a five-star experience. From day one, you’ll enjoy high-speed Wi-Fi, premium linens, and smart home entertainment. Plus, access to pools, gyms, and outdoor spaces in select buildings.

Why stress over your apartment? We provide a hassle-free alternative — a consistent, quality guest experience that starts even before you arrive. Because we let you book our most up-to-date apartment listings online, confirm with a click, pay securely, and check in easily. 

Even better? You can enhance your stay with car rentals, grocery delivery, laundry services, and more through our special partnerships. 

During your stay
Upon arrival, you’ll either be greeted personally by a Blueground team member or given self-check-in instructions. The entire apartment is yours! You’ll enjoy reliable support via email, phone, and our Guest App, where you can request everything from a home cleaning to extra towels. 

We’ll share all details upon confirmation of your stay.",within an hour,100%,96%,f,https://a0.muscache.com/im/pictures/user/d0ad9599-6fc0-4be6-865e-ffe99142517c.jpg?aki_policy=profile_small,https://a0.muscache.com/im/pictures/user/d0ad9599-6fc0-4be6-865e-ffe99142517c.jpg?aki_policy=profile_x_medium,Cambridge,4494,4774,"['email', 'phone', 'work_email']",t,t,Neighborhood highlights,Near North Side,,41.9080259,-87.62638960000001,Entire rental unit,Entire home/apt,2,1.0,1 bath,1.0,1.0,"[""Refrigerator"", ""Self check-in"", ""Wifi"", ""Dishwasher"", ""Pets allowed"", ""Heating"", ""Shampoo"", ""Dryer \u2013 In building"", ""Gym"", ""Crib"", ""Hangers"", ""Oven"", ""Private entrance"", ""TV"", ""Air conditioning"", ""Long term stays allowed"", ""Lockbox"", ""High chair"", ""Elevator"", ""Coffee maker"", ""Hair dryer"", ""Essentials"", ""Bed linens"", ""Iron"", ""Washer \u2013\u00a0In building"", ""Carbon monoxide alarm"", ""Smoke alarm"", ""Kitchen"", ""Cooking basics"", ""Microwave"", ""Hot water""]",$159.00,32,1125,32,365,1125,1125,35.7,1125.0,,t,12,42,72,347,2024-09-17,1,1,0,2023-10-03,2023-10-03,4.0,5.0,1.0,5.0,4.0,5.0,3.0,,t,516,516,0,0,0.09
3245,549111215445191130,https://www.airbnb.com/rooms/549111215445191130,20240917031253,2024-09-17,city scrape,"Blueground | Lincoln Park, roof & gym, nr DePaul","Show up and start living from day one in Chicago with this beautiful studio Blueground apartment. You’ll love coming home to this thoughtfully furnished, beautifully designed, and fully-equipped Lincoln Park home with stunning views over the city. (ID #CHI569)","This furnished apartment is located in the neighborhood of Lincoln Park. It is full of historic churches and brick row houses. Tree-lined residential areas give way to bustling businesses. Armitage Avenue is lined with independent boutiques and high-end retailers; Clark Street is packed with casual cafes, ethnic restaurants, and sweet shops. In addition to shopping and dining, Lincoln Park is a diverse art and entertainment destination. There is a plethora of museums, top theaters, and live music clubs to pick from. Also, there is plenty of natural beauty and outdoor scenery to enjoy. The neighborhood's namesake park is a sprawling 1,208 acres of green space with a zoo, nature museum, and conservatory. Head over to the lakefront beaches, where sand and surf are set against a backdrop of downtown skyscrapers. Being a 15 minute train ride from the Loop, Lincoln Park is a very close commute to the city’s primary business district.",https://a0.muscache.com/pictures/prohost-api/Hosting-549111215445191130/original/4c520be2-383c-4131-b2f7-8df15430d941.jpeg,107434423,https://www.airbnb.com/users/show/107434423,Blueground,2016-12-16,"New York, NY","We’re Blueground, a global proptech company with several thousand move-in-ready apartments in a growing number of major cities around the world. With flexible terms and homes in vibrant, centrally based neighborhoods, you’ll feel at home and free to roam for as long as you want — a month, a year, or longer. 

Each apartment is thoughtfully designed with exclusive furnishings, fully equipped kitchens, and incredible amenities – making every day a five-star experience. From day one, you’ll enjoy high-speed Wi-Fi, premium linens, and smart home entertainment. Plus, access to pools, gyms, and outdoor spaces in select buildings.

Why stress over your apartment? We provide a hassle-free alternative — a consistent, quality guest experience that starts even before you arrive. Because we let you book our most up-to-date apartment listings online, confirm with a click, pay securely, and check in easily. 

Even better? You can enhance your stay with car rentals, grocery delivery, laundry services, and more through our special partnerships. 

During your stay
Upon arrival, you’ll either be greeted personally by a Blueground team member or given self-check-in instructions. The entire apartment is yours! You’ll enjoy reliable support via email, phone, and our Guest App, where you can request everything from a home cleaning to extra towels. 

We’ll share all details upon confirmation of your stay.",within an hour,100%,96%,f,https://a0.muscache.com/im/pictures/user/d0ad9599-6fc0-4be6-865e-ffe99142517c.jpg?aki_policy=profile_small,https://a0.muscache.com/im/pictures/user/d0ad9599-6fc0-4be6-865e-ffe99142517c.jpg?aki_policy=profile_x_medium,Cambridge,4494,4774,"['email', 'phone', 'work_email']",t,t,Neighborhood highlights,Lincoln Park,,41.9194968,-87.6629995,Entire rental unit,Entire home/apt,2,1.0,1 bath,0.0,1.0,"[""Refrigerator"", ""Self check-in"", ""Fast wifi \u2013 129 Mbps"", ""Dishwasher"", ""Pets allowed"", ""Heating"", ""Shampoo"", ""Crib"", ""Dryer \u2013\u00a0In unit"", ""Hangers"", ""Oven"", ""Private entrance"", ""TV"", ""Air conditioning"", ""Long term stays allowed"", ""Lockbox"", ""High chair"", ""Elevator"", ""Coffee maker"", ""Hair dryer"", ""Essentials"", ""Bed linens"", ""Iron"", ""Washer \u2013\u00a0In unit"", ""Carbon monoxide alarm"", ""Smoke alarm"", ""Kitchen"", ""Cooking basics"", ""Microwave"", ""Hot water""]",$121.00,32,1125,32,365,1125,1125,35.7,1125.0,,t,0,0,15,290,2024-09-17,1,1,0,2024-02-20,2024-02-20,4.0,3.0,2.0,4.0,5.0,5.0,3.0,,f,516,516,0,0,0.14
4324,738514960804598146,https://www.airbnb.com/rooms/738514960804598146,20240917031253,2024-09-17,city scrape,Spacious Shared Room 20 Minutes to BP Whiting,"Beautiful and quiet tree line location.  Ideal space for individuals working at BP Whiting or  student attending Jackson Park Hospital.   Shared room sleeps 2.  Also near Advocate Trinity Hospital, St. Jude, University of Chicago, Horseshoe Hammond or BP Whiting.   Employed at the Hammond Casino, Steelworkers Park or are a traveling nurse? This is the perfect place.  Shared $495 per month.",,https://a0.muscache.com/pictures/c5ac85f0-9772-4914-939f-20cd74e6e724.jpg,691000,https://www.airbnb.com/users/show/691000,Nonya,2011-06-11,"Chicago, IL","Hi there! Welcome to our BaggageHelp locations! Although we specialize in travel logistics, we offer affordable Airbnb accommodations with perks like airport pickup, flexible check-in, travel tips, and more. Whether you're seeking a cozy getaway or an exciting adventure, we've got you covered. Let’s travel smart and live large with BaggageHelp's Airbnb locations!",within an hour,94%,82%,f,https://a0.muscache.com/im/pictures/user/User-691000/original/05c053c6-f1e0-4fc9-872b-d016e34ed87a.jpeg?aki_policy=profile_small,https://a0.muscache.com/im/pictures/user/User-691000/original/05c053c6-f1e0-4fc9-872b-d016e34ed87a.jpeg?aki_policy=profile_x_medium,Englewood,17,37,"['email', 'phone']",t,t,,South Chicago,,41.73958,-87.56497,Shared room in home,Shared room,1,1.5,1.5 shared baths,1.0,1.0,"[""Refrigerator"", ""First aid kit"", ""Backyard"", ""Wifi"", ""Dryer"", ""Stove"", ""Coffee"", ""Bathtub"", ""TV"", ""Air conditioning"", ""Long term stays allowed"", ""Washer"", ""Coffee maker"", ""Dishes and silverware"", ""Hair dryer"", ""Cleaning products"", ""Essentials"", ""Iron"", ""Fire extinguisher"", ""Drying rack for clothing"", ""Luggage dropoff allowed"", ""Dedicated workspace"", ""Carbon monoxide alarm"", ""Smoke alarm"", ""Extra pillows and blankets"", ""Host greets you"", ""Freezer"", ""Kitchen"", ""Cooking basics"", ""Microwave"", ""Breakfast""]",$29.00,32,365,32,32,365,365,32.0,365.0,,t,23,53,83,358,2024-09-17,2,1,1,2023-05-17,2024-08-18,5.0,4.5,2.5,5.0,5.0,4.5,5.0,R17000014173,f,17,0,0,17,0.12
5110,869001795115866351,https://www.airbnb.com/rooms/869001795115866351,20240917031253,2024-09-17,city scrape,Chicago Loft Apartment,"Kick back and relax in this calm, stylish space. Loft apartment with high ceilings will make it feel much more spacious. Less than 10 minutes from downtown chicago. Walking distance to lake michigan.",,https://a0.muscache.com/pictures/hosting/Hosting-U3RheVN1cHBseUxpc3Rpbmc6ODY5MDAxNzk1MTE1ODY2MzUx/original/cdf40a12-2f65-411f-8e99-bee275d52237.jpeg,112319704,https://www.airbnb.com/users/show/112319704,Victor,2017-01-19,"Chicago, IL",Love sports and music,within an hour,100%,90%,f,https://a0.muscache.com/im/pictures/user/b538b6d5-e200-416d-961d-ebe39e789561.jpg?aki_policy=profile_small,https://a0.muscache.com/im/pictures/user/b538b6d5-e200-416d-961d-ebe39e789561.jpg?aki_policy=profile_x_medium,Bronzeville,1,1,"['email', 'phone']",t,t,,Grand Boulevard,,41.81872284748064,-87.62333308070546,Entire rental unit,Entire home/apt,2,2.0,2 baths,1.0,2.0,"[""Paid parking on premises"", ""Refrigerator"", ""BBQ grill"", ""Wifi"", ""Central heating"", ""Exercise equipment"", ""Private patio or balcony"", ""Free parking on premises"", ""TV"", ""Air conditioning"", ""Washer"", ""Fire extinguisher"", ""Dedicated workspace"", ""Toaster"", ""Carbon monoxide alarm"", ""Piano"", ""Smoke alarm"", ""Gas stove"", ""Free street parking"", ""Indoor fireplace"", ""Kitchen"", ""Microwave"", ""Hot water""]",$136.00,1,365,2,2,365,365,2.0,365.0,,t,13,37,67,247,2024-09-17,3,3,3,2024-09-02,2024-09-16,4.33,4.0,2.67,5.0,4.33,4.33,4.0,R24000119926,f,1,1,0,0,3.0
5128,872539086831079179,https://www.airbnb.com/rooms/872539086831079179,20240917031253,2024-09-17,city scrape,Sunny apartment near U Chicago,"Welcome to my cozy apartment, just 2 blocks away from the University of Chicago! Being so close to the university, guests can easily explore the campus and attend events without having to travel far. The neighborhood is safe and quiet, and the building is occupied mostly by professors and faculty at the university.<br /><br />Whether you're a visiting scholar, a prospective student, or simply someone looking to experience the vibrant city of Chicago, my apartment is the perfect home base for your stay.",Two blocks away from Plein Air Cafe. Extremely close to campus.,https://a0.muscache.com/pictures/miso/Hosting-872539086831079179/original/393becbd-5703-453e-ba2c-6904f86f7b51.jpeg,507492765,https://www.airbnb.com/users/show/507492765,Yiyang,2023-03-28,,"I'm a researcher at the University of Chicago and I'm excited to welcome you to my cozy apartment. My spouse and I own this space, but we live apart due to our work schedules. I typically live here alone but am occasionally away for extended periods, which is why I'm listing my personal home on Airbnb for longer-term rentals. Short-term stays are also possible, so please don't hesitate to reach out to me. I hope you'll enjoy your stay in my home.",a few days or more,0%,0%,f,https://a0.muscache.com/im/pictures/user/51230568-76cf-4f3d-afd4-ae262e3afbfd.jpg?aki_policy=profile_small,https://a0.muscache.com/im/pictures/user/51230568-76cf-4f3d-afd4-ae262e3afbfd.jpg?aki_policy=profile_x_medium,Hyde Park,1,1,"['email', 'phone']",t,t,Neighborhood highlights,Hyde Park,,41.794628,-87.5969618,Entire condo,Entire home/apt,3,1.0,1 bath,2.0,1.0,"[""Wifi"", ""Dishwasher"", ""Central heating"", ""Dining table"", ""Coffee"", ""Hangers"", ""Room-darkening shades"", ""Air conditioning"", ""Free residential garage on premises \u2013 1 space"", ""Long term stays allowed"", ""Clothing storage: closet"", ""Free washer \u2013 In building"", ""Hot water kettle"", ""Dishes and silverware"", ""Free dryer \u2013 In building"", ""Essentials"", ""Cleaning products"", ""Bed linens"", ""Dedicated workspace"", ""Carbon monoxide alarm"", ""Smoke alarm"", ""Extra pillows and blankets"", ""Board games"", ""Freezer"", ""Ceiling fan"", ""Kitchen"", ""Cooking basics"", ""Microwave""]",$65.00,32,365,32,32,365,365,32.0,365.0,,t,9,24,54,144,2024-09-17,1,0,0,2023-08-13,2023-08-13,4.0,5.0,1.0,5.0,5.0,5.0,4.0,,f,1,1,0,0,0.07
5913,972041880181560435,https://www.airbnb.com/rooms/972041880181560435,20240917031253,2024-09-17,city scrape,Fully Equipped Cozy 4/5 BR,"Step into luxury at our 4/5BR haven, a cozy blend of style & comfort, in the city but away from all the grid & jam! Just steps from the 95th train station & 3-minutes to exclusive top & mid-brand shopping & dining. Ideal for families, couples, or businesses! Our curated space ensures relaxation & comfort - enjoy therapeutic massages with our state-of-the art massagers, work seamlessly with high-speed internet, then unwind in chic bedrooms.<br /><br />Book now for an unforgettable stay, your haven awaits!","Great neighborhood with easy access to top and general all-purpose brand malls, cinemas and eateries/restaurants and other social events hubs (LV, Walmart,Joel-Osco, Target, etc.)",https://a0.muscache.com/pictures/miso/Hosting-972041880181560435/original/281234a1-623a-44ca-885f-36b9a06e3944.jpeg,535224767,https://www.airbnb.com/users/show/535224767,Jacob,2023-09-02,"Chicago, IL",,within an hour,100%,100%,f,https://a0.muscache.com/im/pictures/user/User-535224767/original/7beba4c3-5e76-4851-8e8c-353b008bc491.jpeg?aki_policy=profile_small,https://a0.muscache.com/im/pictures/user/User-535224767/original/7beba4c3-5e76-4851-8e8c-353b008bc491.jpeg?aki_policy=profile_x_medium,West Chesterfield,1,1,"['email', 'phone']",t,f,Neighborhood highlights,Roseland,,41.72402185148999,-87.62124432820019,Entire home,Entire home/apt,10,2.0,2 baths,4.0,3.0,"[""Shower gel"", ""Paid parking on premises"", ""Refrigerator"", ""First aid kit"", ""Ping pong table"", ""Backyard"", ""Wifi"", ""Dishwasher"", ""Pets allowed"", ""Heating"", ""Self check-in"", ""Dryer"", ""Exercise equipment"", ""Exterior security cameras on property"", ""Stove"", ""Movie theater"", ""Dining table"", ""Shampoo"", ""Gym"", ""Bread maker"", ""Crib"", ""Sound system"", ""Hangers"", ""Oven"", ""Wine glasses"", ""Free parking on premises"", ""Bathtub"", ""Room-darkening shades"", ""Clothing storage"", ""TV"", ""Air conditioning"", ""Pool table"", ""Hot water kettle"", ""Outdoor dining area"", ""Washer"", ""Body soap"", ""Coffee maker"", ""Conditioner"", ""Hair dryer"", ""Cleaning products"", ""Essentials"", ""Bed linens"", ""Iron"", ""Fire extinguisher"", ""Dishes and silverware"", ""Drying rack for clothing"", ""Carbon monoxide alarm"", ""Dedicated workspace"", ""Toaster"", ""Smoke alarm"", ""Extra pillows and blankets"", ""Keypad"", ""Indoor fireplace"", ""Freezer"", ""Baking sheet"", ""Kitchen"", ""Cooking basics"", ""Microwave"", ""Hot water""]",$311.00,1,365,2,2,1125,1125,2.0,1125.0,,t,20,46,71,250,2024-09-17,4,4,0,2024-03-25,2024-05-27,4.0,3.75,2.75,5.0,5.0,4.75,3.75,R23000111558,t,1,1,0,0,0.68
6497,1048073219473308322,https://www.airbnb.com/rooms/1048073219473308322,20240917031253,2024-09-17,city scrape,Spacious 5BR House: Prime Location with Parking,"Enjoy a fun and peaceful stay in Chicago's famous and vibrant north side neighborhood. Our place is conveniently located near multiple restaurants, grocery stores, laundromats, local stores, and, most importantly, public transportation outside the door. We offer contemporary fixtures and fittings, high-speed wifi, TV, and many other amenities that make this the perfect vacation!",,https://a0.muscache.com/pictures/miso/Hosting-1048073219473308322/original/a9324239-178a-4eb9-b159-e594a4fd76ff.jpeg,228485415,https://www.airbnb.com/users/show/228485415,Syed,2018-12-01,"Lincolnwood, IL","Whenever I travel the only time I go back to my hotel or the place I am staying is to sleep. For the most part I am always out exploring new places and taking in the local culture. My family manages many Airbnb's in Chicago so I am very familiar with this platform. 

I am business student at DePaul University. 



",within an hour,100%,100%,f,https://a0.muscache.com/im/pictures/user/a606425c-6378-4e3a-92d0-e7b5660f3454.jpg?aki_policy=profile_small,https://a0.muscache.com/im/pictures/user/a606425c-6378-4e3a-92d0-e7b5660f3454.jpg?aki_policy=profile_x_medium,Little India,14,17,"['email', 'phone']",t,t,,West Ridge,,41.9964697,-87.7059617,Entire home,Entire home/apt,14,2.0,2 baths,5.0,8.0,"[""Shower gel"", ""Refrigerator"", ""First aid kit"", ""Wifi"", ""Heating"", ""Dryer"", ""Stove"", ""Dining table"", ""Shampoo"", ""Hangers"", ""Oven"", ""Bathtub"", ""Clothing storage"", ""TV"", ""Air conditioning"", ""Long term stays allowed"", ""Washer"", ""Coffee maker"", ""Conditioner"", ""Hair dryer"", ""Cleaning products"", ""Essentials"", ""Bed linens"", ""Iron"", ""Fire extinguisher"", ""Dishes and silverware"", ""Carbon monoxide alarm"", ""Dedicated workspace"", ""Toaster"", ""Smoke alarm"", ""Free street parking"", ""Kitchen"", ""Cooking basics"", ""Microwave"", ""Hot water""]",$335.00,2,365,2,3,365,365,3.0,365.0,,t,24,54,79,79,2024-09-17,3,3,0,2024-03-12,2024-04-16,4.33,4.33,2.67,4.67,5.0,5.0,4.33,R19000047749,f,12,12,0,0,0.47
7316,1151851355273648173,https://www.airbnb.com/rooms/1151851355273648173,20240917031253,2024-09-17,city scrape,Chicago Chill Getaway Spot #1,Take it easy at this unique and tranquil getaway.,,https://a0.muscache.com/pictures/hosting/Hosting-1151851355273648173/original/c4906922-5048-4d50-b2f3-a2ee7cd5bc66.jpeg,532472120,https://www.airbnb.com/users/show/532472120,Mark,2023-08-17,"Chicago, IL","Hello, 

My name is Mark Franklin and I’m a true explorer of the world and soul. I’m a Yoga teacher and fitness coach. I move around a lot so feel free to contact me through the app if you need anything. So glad to have you.",within an hour,100%,93%,f,https://a0.muscache.com/im/pictures/user/User-532472120/original/972ad438-8d82-4d5b-b69d-4e3d8b7db108.jpeg?aki_policy=profile_small,https://a0.muscache.com/im/pictures/user/User-532472120/original/972ad438-8d82-4d5b-b69d-4e3d8b7db108.jpeg?aki_policy=profile_x_medium,Back of the Yards,3,3,"['email', 'phone']",t,t,,New City,,41.809461029382994,-87.6708585396409,Private room in rental unit,Private room,2,1.0,1 shared bath,1.0,1.0,"[""Shower gel"", ""BBQ grill"", ""First aid kit"", ""Self check-in"", ""Wifi"", ""Central heating"", ""Exercise equipment"", ""Exterior security cameras on property"", ""Lock on bedroom door"", ""Shampoo"", ""Free parking on premises"", ""Bathtub"", ""TV"", ""Lockbox"", ""Body soap"", ""Books and reading material"", ""Cleaning products"", ""Dedicated workspace"", ""Carbon monoxide alarm"", ""Smoke alarm"", ""Kitchen"", ""Hot water""]",$55.00,1,365,2,2,365,365,2.0,365.0,,t,28,58,88,267,2024-09-17,4,4,1,2024-06-03,2024-08-20,3.5,3.25,2.25,3.75,4.25,2.75,3.5,R24000112763,f,3,0,3,0,1.12
